epoch,step,train_loss_step
0,49,1.0100371837615967
0,99,0.7308007478713989
0,149,0.706032395362854
0,199,0.5834144949913025
0,249,0.6259214282035828
0,299,0.5727673768997192
0,349,0.6685901284217834
0,399,0.6554908752441406
